企業名	コード	URL
ビースタイルホールディングス	302A	/company/2024/bstylegroup.html
visumo	303A	/company/2024/visumo.html
フォルシア	304A	/company/2024/forcia.html
GVA TECH	298A	/company/2024/gvatech.html
アルピコホールディングス	297A	/company/2024/alpico.html
MIC	300A	/company/2024/mic-p.html
日本オーエー研究所	5241	/company/2024/noar.html
令和アカウンティング・ホールディングス	296A	/company/2024/rw-ah.html
dely	299A	/company/2024/dely.html
Synspective	290A	/company/2024/synspective.html
キオクシアホールディングス	285A	/company/2024/kioxia-holdings.html
リスキル	291A	/company/2024/recurrent.html
ファイントゥデイホールディングス	289A	/company/2024/finetoday.html
黒田グループ	287A	/company/2024/kuroda-group.html
ラクサス・テクノロジーズ	288A	/company/2024/laxus.html
ユカリア	286A	/company/2024/eucalia.html
インフォメティス	281A	/company/2024/informetis.html
TMH	280A	/company/2024/tmh-inc.html
Terra Drone	278A	/company/2024/terra-drone.html
グロービング	277A	/company/2024/globe-ing.html
ククレブ・アドバイザーズ	276A	/company/2024/ccreb.html
ガーデン	274A	/company/2024/gardengroup.html
Sapeet	269A	/company/2024/sapeet.html
Hmcomm	265A	/company/2024/hmcom.html
リガク・ホールディングス	268A	/company/2024/rigaku.html
東京地下鉄	9023	/company/2024/tokyometro.html
Schoo	264A	/company/2024/schoo.html
伸和ホールディングス	7118	/company/2024/shinwa-holdings.html
インターメスティック	262A	/company/2024/zoff.html
日水コン	261A	/company/2024/nissuicon.html
オルツ	260A	/company/2024/alt.html
ケイ・ウノ	259A	/company/2024/k-uno.html
シマダヤ	250A	/company/2024/shimadaya.html
Aiロボティクス	247A	/company/2024/ai-robotics.html
アスア	246A	/company/2024/asua.html
キッズスター	248A	/company/2024/kidsstar.html
INGS	245A	/company/2024/ingsinc.html
グロースエクスパートナーズ	244A	/company/2024/gxp.html
リプライオリティ	242A	/company/2024/repriority.html
ROXX	241A	/company/2024/roxx.html
Cross Eホールディングス	231A	/company/2024/cross-e-hd.html
オプロ	228A	/company/2024/opro.html
Faber Company	220A	/company/2024/fabercompany.html
Heartseed	219A	/company/2024/heartseed.html
Liberaware	218A	/company/2024/liberaware.html
タイミー	215A	/company/2024/timee.html
フィットイージー	212A	/company/2024/fiteasy.html
カドス・コーポレーション	211A	/company/2024/cados.html
PRISM BioLab	206A	/company/2024/prismbiolab.html
ロゴスホールディングス	205A	/company/2024/logos-holdings.html
豆蔵デジタルホールディングス	202A	/company/2024/mamezo-dhd.html
MFS	196A	/company/2024/mortgagefss.html
タウンズ	197A	/company/2024/tauns.html
WOLVES HAND	194A	/company/2024/wolveshand.html
PostPrime	198A	/company/2024/postprime.html
ライスカレー	195A	/company/2024/ricecurry.html
インテグループ	192A	/company/2024/integroup.html
ChordiaTherapeutics	190A	/company/2024/chordiatherapeutics.html
D&Mカンパニー	189A	/company/2024/dmcompany.html
アストロスケールホールディングス	186A	/company/2024/astroscale.html
学びエイド	184A	/company/2024/manabi-aid.html
コージンバイオ	177A	/company/2024/kohjin-bio.html
レジル	176A	/company/2024/rezil.html
Will Smart	175A	/company/2024/willsmart.html
ハンモック	173A	/company/2024/hammock.html
イタミアート	168A	/company/2024/itamiarts.html
アズパートナーズ	160A	/company/2024/as-partners.html
グリーンモンスター	157A	/company/2024/greenmonster.html
マテリアルグループ	156A	/company/2024/materialgroup.html
カウリス	153A	/company/2024/caulis.html
情報戦略テクノロジー	155A	/company/2024/is-tech.html
シンカ	149A	/company/2024/thinca.html
ダイブ	151A	/company/2024/dive.html
コロンビア・ワークス	146A	/company/2024/columbiaworks.html
ハッチ・ワーク	148A	/company/2024/hatchwork.html
JSH	150A	/company/2024/jsh-japan.html
L is B	145A	/company/2024/l-is-b.html
ソラコム	147A	/company/2024/soracom.html
イシン	143A	/company/2024/ishin.html
ジンジブ	142A	/company/2024/jinjib.html
STG	5858	/company/2024/stgroup.html
トライアルホールディングス	141A	/company/2024/trial-holdings.html
Cocolive	137A	/company/2024/cocolive.html
光フードサービス	138A	/company/2024/hikari-food-service.html
VRAIN Solution	135A	/company/2024/vrain.html
Veritas In Silico	130A	/company/2024/veritasinsilico.html
SOLIZE	5871	/company/2024/solize.html
